Name,Type,Category,Power,Accuracy,PP,Priority,Effect
Absorb,Grass,Special,20,100,32,0,Restores the user's HP by 1/2 of the damage inflicted on the target.
Acid,Poison,Physical,40,100,48,0,Has a 10% chance to lower the target's Special Defense by 1 stage.
Acid Armor,Poison,Status,0,0,64,0,Raises the user's Defense by 2 stages.
Aeroblast,Flying,Physical,100,95,8,0,Has a high critical hit ratio.
Agility,Psychic,Status,0,0,48,0,Raises the user's Speed by 2 stages.
Amnesia,Psychic,Status,0,0,32,0,Raises the user's Special Defense by 2 stages.
Ancient Power,Rock,Physical,60,100,8,0,Has a 10% chance to raise all of the user's stats by 1 stage.
Attract,Normal,Status,0,100,24,0,Infatuates Pokemon of the opposite gender even if they have a Substitute causing a 50% chance for the target's attack to fail.
Aurora Beam,Ice,Special,65,100,32,0,Has a 10% chance to lower the target's Attack by 1 stage.
Barrage,Normal,Physical,15,85,32,0,Attacks 2-5 times in one turn; if one of these attacks breaks a target's Substitute the target will take damage for the rest of the hits. This move has a 3/8 chance to hit twice a 3/8 chance to hit three times a 1/8 chance to hit four times and a 1/8 chance to hit five times. If the user of this move has Skill Link this move will always strike five times.
Barrier,Psychic,Status,0,0,48,0,Raises the user's Defense by 2 stages.
Baton Pass,Normal,Status,0,0,64,0,The user returns to its party bypassing any trapping moves and Pursuit; it passes all stat modifiers (positive or negative including from Charge and Stockpile) as well as confusion Focus Energy/Lansat Berry boosts Ingrain Aqua Ring Embargo Gastro Acid Power Trick Magnet Rise Stockpiles Perish Song count Mist Leech Seed Ghost Curses Mind Reader Lock-On Block Mean Look Spider Web and Substitute to the replacement Pokemon.
Beat Up,Dark,Special,10,100,16,0,Each healthy (i.e. not fainted nor inflicted with a status condition) Pokemon in your party contributes a typeless 10 base power hit determined solely by their base Attack and Defense stats.
Belly Drum,Normal,Status,0,0,16,0,The user maximizes its Attack but sacrifices 50% of its max HP.
Bide,Normal,Physical,50,100,16,1,Usually goes first for the duration of the move. The user absorbs all damage for two turns and then during the third turn the user inflicts twice the absorbed damage on its target. This move ignores the target's type and even hits Ghost-type Pokemon.
Bind,Normal,Physical,15,85,32,0,Traps the target for 5-6 turns causing damage equal to 1/16 of its max HP each turn; this trapped effect can be broken by Rapid Spin. The target can still switch out if it is holding Shed Shell or uses Baton Pass or U-Turn.
Bite,Dark,Special,60,100,40,0,Has a 30% chance to make the target flinch.
Blizzard,Ice,Special,120,70,8,0,Has a 10% chance to freeze the target. During Hail this move will never miss under normal circumstances and has a 30% chance to hit through a target's Protect or Detect.
Body Slam,Normal,Physical,85,100,24,0,Has a 30% chance to paralyze the target.
Bone Club,Ground,Physical,65,85,32,0,Has a 10% chance to make the target flinch.
Bone Rush,Ground,Physical,25,80,16,0,Attacks 2-5 times in one turn; if one of these attacks breaks a target's Substitute the target will take damage for the rest of the hits. This move has a 3/8 chance to hit twice a 3/8 chance to hit three times a 1/8 chance to hit four times and a 1/8 chance to hit five times. If the user of this move has Skill Link this move will always strike five times.
Bonemerang,Ground,Physical,50,90,16,0,Strikes twice; if the first hit breaks the target's Substitute the real Pokemon will take damage from the second hit.
Bubble,Water,Special,20,100,48,0,Has a 10% chance to lower the target's Speed by 1 stage.
Bubble Beam,Water,Special,65,100,32,0,Has a 10% chance to lower the target's Speed by 1 stage.
Charm,Normal,Status,0,100,32,0,Lowers the target's Attack by 2 stages.
Clamp,Water,Special,35,85,16,0,Traps the target for 5-6 turns causing damage equal to 1/16 of its max HP each turn; this trapped effect can be broken by Rapid Spin. The target can still switch out if it is holding Shed Shell or uses Baton Pass or U-Turn.
Comet Punch,Normal,Physical,18,85,24,0,Attacks 2-5 times in one turn; if one of these attacks breaks a target's Substitute the target will take damage for the rest of the hits. This move has a 3/8 chance to hit twice a 3/8 chance to hit three times a 1/8 chance to hit four times and a 1/8 chance to hit five times. If the user of this move has Skill Link this move will always strike five times.
Confuse Ray,Ghost,Status,0,100,16,0,Confuses the target.
Confusion,Psychic,Special,50,100,40,0,Has a 10% chance to confuse the target.
Constrict,Normal,Physical,10,100,56,0,Has a 10% chance to lower the target's Speed by 1 stage.
Conversion,Normal,Status,0,0,48,0,The user's type changes to match the type of one of its four attacks. This move fails if the user cannot change its type under this condition.
Conversion 2,Normal,Status,0,100,48,0,The user's type changes to one that resists the type of the last attack that hit the user.
Cotton Spore,Grass,Status,0,100,64,0,Lowers the target's Speed by 2 stages.
Counter,Fighting,Physical,50,100,32,-1,Almost always goes last; if an opponent strikes with a Physical attack before the user's turn the user retaliates for twice the damage it had endured. In double battles this attack targets the last opponent to hit the user with a Physical attack and cannot hit the user's teammate.
Crabhammer,Water,Special,90,90,16,0,Has a high critical hit ratio.
Cross Chop,Fighting,Physical,100,80,8,0,Has a high critical hit ratio.
Crunch,Dark,Special,80,100,24,0,Has a 20% chance to lower the target's Defense by 1 stage.
Curse,Ghost,Status,0,0,16,0,When used by a Ghost-type the user sacrifices half of its max HP to sap the target by 1/4 of its max HP per turn. When used by anything else the user's Speed is decreased by 1 stage and its Attack and Defense are increased by 1 stage.
Cut,Normal,Physical,50,95,48,0,Deals damage with no additional effect.
Defense Curl,Normal,Status,0,0,64,0,Raises the user's Defense by 1 stage; after one use of this move the user's starting base power is doubled for every use of Rollout or Ice Ball.
Destiny Bond,Ghost,Status,0,0,8,0,Causes an opponent to faint if its next attack KOs the user.
Detect,Fighting,Status,0,0,8,2,Almost always goes first. The user is protected from all attacks for one turn but the move's success rate halves with each consecutive use of Protect Detect or Endure. If a Pokemon has No Guard or used Lock-On or Mind Reader against the user during the previous turn its attack has a [100 Varmove's normal accuracy]% chance to hit through Detect; OHKO moves do not benefit from this effect. Blizzard has a 30% to hit through this move during Hail as does Thunder during Rain Dance.
Dig,Ground,Physical,80,100,16,0,On the first turn the user digs underground becoming uncontrollable and evades all attacks. Earthquake and Magnitude can hit underground and gain doubled power. The user may also be hit underground if it was previously targeted by Lock-On or Mind Reader or if it is attacked by a Pokemon with No Guard. On the second turn the user attacks.
Disable,Normal,Status,0,100,32,0,The target cannot choose its last move for 4-7 turns. Disable only works on one move at a time and fails if the target has not yet used a move or if its move has run out of PP. The target does nothing if it is about to use a move that becomes disabled.
Dizzy Punch,Normal,Physical,70,100,16,0,Has a 20% chance to confuse the target.
Double Kick,Fighting,Physical,30,100,48,0,Strikes twice; if the first hit breaks the target's Substitute the real Pokemon will take damage from the second hit.
Double Slap,Normal,Physical,15,85,16,0,Attacks 2-5 times in one turn; if one of these attacks breaks a target's Substitute the target will take damage for the rest of the hits. This move has a 3/8 chance to hit twice a 3/8 chance to hit three times a 1/8 chance to hit four times and a 1/8 chance to hit five times. If the user of this move has Skill Link this move will always strike five times.
Double Team,Normal,Status,0,0,24,0,Raises the user's Evasion by 1 stage.
Double-Edge,Normal,Physical,120,100,24,0,The user receives 1/3 recoil damage.
Dragon Breath,Dragon,Special,60,100,32,0,Has a 30% chance to paralyze the target.
Dragon Rage,Dragon,Special,40,100,16,0,Always deals 40 points of damage.
Dream Eater,Psychic,Special,100,100,24,0,Restores the user's HP by 1/2 of the damage inflicted on the target but only works on a sleeping target.
Drill Peck,Flying,Physical,80,100,32,0,Deals damage with no additional effect.
Dynamic Punch,Fighting,Physical,100,50,8,0,Confuses the target.
Earthquake,Ground,Physical,100,100,16,0,Power doubles when performed against Pokemon using Dig.
Egg Bomb,Normal,Physical,100,75,16,0,Deals damage with no additional effect.
Ember,Fire,Special,40,100,40,0,Has a 10% chance to burn the target.
Encore,Normal,Status,0,100,8,0,The target is forced to use its last attack for the next 3 turns. The effects of this move will end immediately if the target runs out of PP for the repeated attack. In double battles a Pokemon who has received an Encore will target a random opponent with single-target attacks.
Endure,Normal,Status,0,0,16,2,Almost always goes first. The user is left with at least 1 HP following any attacks for one turn but the move's success rate halves with each consecutive use of Protect Detect or Endure.
Explosion,Normal,Physical,250,100,8,0,Causes the user to faint.
Extreme Speed,Normal,Physical,80,100,8,1,Usually goes first.
Faint Attack,Dark,Special,60,0,32,0,Ignores Evasion and Accuracy modifiers and never misses except against Protect Detect or a target in the middle of Dig Fly Dive or Bounce.
False Swipe,Normal,Physical,40,100,64,0,Leaves the target with at least 1 HP.
Fire Blast,Fire,Special,120,85,8,0,Has a 10% chance to burn the target.
Fire Punch,Fire,Special,75,100,24,0,Has a 10% chance to burn the target.
Fire Spin,Fire,Special,35,85,24,0,Traps the target for 5-6 turns causing damage equal to 1/16 of its max HP each turn; this trapped effect can be broken by Rapid Spin. The target can still switch out if it is holding Shed Shell or uses Baton Pass or it uses U-Turn.
Fissure,Ground,Physical,0,30,8,0,The target faints; doesn't work on higher-leveled Pokemon.
Flail,Normal,Physical,50,100,24,0,Base power increases as the user's HP decreases.
Flame Wheel,Fire,Special,60,100,40,0,Has a 10% chance to burn the target; can be used while frozen which both attacks the target normally and thaws the user.
Flamethrower,Fire,Special,95,100,24,0,Has a 10% chance to burn the target.
Flash,Normal,Status,0,100,32,0,Lowers the target's Accuracy by 1 stage.
Fly,Flying,Physical,90,95,24,0,On the first turn the user flies into the air becoming uncontrollable and evades most attacks. Gust Twister Thunder and Sky Uppercut have normal accuracy against a mid-air Pokemon with Gust and Twister also gaining doubled power. The user may also be hit in mid-air if it was previously targeted by Lock-On or Mind Reader or if it is attacked by a Pokemon with No Guard. On the second turn the user attacks.
Focus Energy,Normal,Status,0,0,48,0,Raises the user's chance for a Critical Hit by two domains.
Foresight,Normal,Status,0,100,64,0,Until the target faints or switches the user's Accuracy modifiers and the target's Evasion modifiers are ignored. Ghost-type targets also lose their immunities against Normal-type and Fighting-type moves.
Frustration,Normal,Physical,50,100,32,0,Power increases as user's happiness decreases; maximum 102 BP.
Fury Attack,Normal,Physical,15,85,32,0,Attacks 2-5 times in one turn; if one of these attacks breaks a target's Substitute the target will take damage for the rest of the hits. This move has a 3/8 chance to hit twice a 3/8 chance to hit three times a 1/8 chance to hit four times and a 1/8 chance to hit five times. If the user of this move has Skill Link this move will always strike five times.
Fury Cutter,Bug,Physical,20,95,32,0,The base power of this move doubles with each consecutive hit; however power is capped at a maximum 160 BP and remains there for any subsequent uses. If this move misses base power will be reset to 10 BP on the next turn. The user can also select other attacks without resetting this move's power; it will continue to double after each use until it either misses or reaches the 160 BP cap.
Fury Swipes,Normal,Physical,18,80,24,0,Attacks 2-5 times in one turn; if one of these attacks breaks a target's Substitute the target will take damage for the rest of the hits. This move has a 3/8 chance to hit twice a 3/8 chance to hit three times a 1/8 chance to hit four times and a 1/8 chance to hit five times. If the user of this move has Skill Link this move will always strike five times.
Future Sight,Psychic,Special,100,100,16,0,This move even if the user and/or the target switch out will strike the active target at the end of the second turn after its use. Only one instance of Future Sight or Doom Desire may be active at a time.
Giga Drain,Grass,Special,75,100,16,0,Restores the user's HP by 1/2 of the damage inflicted on the target.
Glare,Normal,Status,0,90,48,0,Paralyzes the target.
Growl,Normal,Status,0,100,64,0,Lowers the target's Attack by 1 stage.
Growth,Normal,Status,0,0,64,0,Raises the user's Attack and Special Attack by 1 stage. If the weather is Sun Growth raises Attack and SpAttk two stages each.
Guillotine,Normal,Physical,0,30,8,0,The target faints; doesn't work on higher-leveled Pokemon.
Gust,Flying,Physical,40,100,56,0,Power doubles if the target is in mid-air via Fly or Bounce.
Harden,Normal,Status,0,0,48,0,Raises the user's Defense by 1 stage.
Haze,Ice,Status,0,0,48,0,Eliminates any stat modifiers from all active Pokemon. The stat boosts from Choice Band Choice Lens and Choice Scarf are not affected.
Headbutt,Normal,Physical,70,100,24,0,Has a 30% chance to make the target flinch.
Heal Bell,Normal,Status,0,0,8,0,Every Pokemon in the user's party is cured of status conditions. Allied Pokemon who have Soundproof are not affected.
Hi Jump Kick,Fighting,Physical,130,90,16,0,If this attack misses the target the user half of its max health in recoil damage.
Hidden Power,Normal,Physical,70,100,24,0,Varies in power and type depending on the user's IVs; maximum 70 BP.
Horn Attack,Normal,Physical,65,100,40,0,Deals damage with no additional effect.
Horn Drill,Normal,Physical,0,30,8,0,The target faints; doesn't work on higher-leveled Pokemon.
Hydro Pump,Water,Special,120,80,8,0,Deals damage with no additional effect.
Hyper Beam,Normal,Physical,150,90,8,0,The user recharges during its next turn; as a result until the end of the next turn the user becomes uncontrollable.
Hyper Fang,Normal,Physical,80,90,24,0,Has a 10% chance to make the target flinch.
Hypnosis,Psychic,Status,0,60,32,0,Puts the target to sleep.
Ice Beam,Ice,Special,95,100,16,0,Has a 10% chance to freeze the target.
Ice Punch,Ice,Special,75,100,24,0,Has a 10% chance to freeze the target.
Icy Wind,Ice,Special,55,95,24,0,Lowers the target's Speed by 1 stage.
Iron Tail,Steel,Physical,100,75,24,0,Has a 30% chance to lower the target's Defense by 1 stage.
Jump Kick,Fighting,Physical,100,95,16,0,If this attack misses the target the user half of its max health in recoil damage.
Karate Chop,Fighting,Physical,50,100,40,0,Has a high critical hit ratio.
Kinesis,Psychic,Status,0,80,24,0,Lowers the target's Accuracy by 1 stage.
Leech Life,Bug,Physical,20,100,24,0,Restores the user's HP by 1/2 of the damage inflicted on the target.
Leech Seed,Grass,Status,0,90,16,0,The user steals 1/8 of the target's max HP until the target is switched out is KO'ed or uses Rapid Spin; does not work against Grass-type Pokemon or Pokemon behind Substitutes.
Leer,Normal,Status,0,100,48,0,Lowers the target's Defense by 1 stage.
Lick,Ghost,Physical,20,100,48,0,Has a 30% chance to paralyze the target.
Light Screen,Psychic,Status,0,0,48,0,All Pokemon in the user's party receive 1/2 damage from Special attacks for 5 turns. Light Screen will be removed from the user's field if an opponent's Pokemon uses Brick Break. It will also last for eight turns if its user is holding Light Clay. In double battles both Pokemon are shielded but damage protection is reduced from 1/2 to 1/3.
Lock-On,Normal,Status,0,100,8,0,This move ensures that the user's next attack will hit against its current target. This effect can be Baton Passed to another Pokemon. Lock-On fails against Pokemon in the middle of using Protect Detect Dig Fly Bounce or Dive as well as Pokemon behind a Substitute. If the target uses Protect or Detect during its next turn the user's next move has a [100 Varmove's normal accuracy]% chance to hit through Protect or Detect. OHKO moves do not benefit from this trait.
Lovely Kiss,Normal,Status,0,75,16,0,Puts the target to sleep.
Low Kick,Fighting,Physical,50,100,32,0,Base power increases as the target's weight increases.
Mach Punch,Fighting,Physical,40,100,48,1,Usually goes first.
Magnitude,Ground,Physical,50,100,48,0,Deals variable damage between 10 base power and 130 base power as well as double damage against Digging Pokemon.
Mean Look,Normal,Status,0,100,8,0,As long as the user remains in battle the target cannot switch out unless it is holding Shed Shell or uses Baton Pass or U-Turn. The target will still be trapped if the user switches out by using Baton Pass.
Meditate,Psychic,Status,0,0,64,0,Raises the user's Attack by 1 stage.
Mega Drain,Grass,Special,40,100,24,0,Restores the user's HP by 1/2 of the damage inflicted on the target.
Mega Kick,Normal,Physical,120,75,8,0,Deals damage with no additional effect.
Mega Punch,Normal,Physical,80,85,32,0,Deals damage with no additional effect.
Megahorn,Bug,Physical,120,85,16,0,Deals damage with no additional effect.
Metal Claw,Steel,Physical,50,95,56,0,Has a 10% chance to raise the user's Attack by 1 stage.
Metronome,Normal,Status,0,0,16,0,The user performs a randomly selected move; almost any move in the game could be picked. Metronome cannot generate itself Assist Chatter Copycat Counter Covet Destiny Bond Detect Endure Feint Focus Punch Follow Me Helping Hand Me First Mimic Mirror Coat Mirror Move Protect Sketch Sleep Talk Snatch Struggle Switcheroo Thief Trick or any move that the user already knows.
Milk Drink,Normal,Status,0,0,16,0,Restores 1/2 of the user's max HP.
Mimic,Normal,Status,0,100,16,0,This move is temporarily replaced by the target's last move; the replacement move will have 5 PP and become part of the user's moveset until the user switches out or the battle ends. Mimic copies attacks even if they miss or the user has immunity toward their type; it cannot copy itself Struggle Transform Sketch Metronome or moves that the user already knows and it will fail if the target has yet to use a move.
Mind Reader,Normal,Status,0,100,8,0,This move ensures that the user's next attack will hit against its current target. This effect can be Baton Passed to another Pokemon. Mind Reader fails against Pokemon in the middle of using Protect Detect Dig Fly Bounce or Dive as well as Pokemon behind a Substitute. If the target uses Protect or Detect during its next turn the user's next move has a [100 Varmove's normal accuracy]% chance to hit through Protect or Detect. OHKO moves do not benefit from this trait.
Minimize,Normal,Status,0,0,32,0,Raises the user's Evasion by 2 stage; however Stomp retains its normal accuracy and gains doubled power against Minimized Pokemon.
Mirror Coat,Psychic,Special,50,100,32,-1,Almost always goes last; if an opponent strikes with a Special attack before the user's turn the user retaliates for twice the damage it had endured. In double battles this attack targets the last opponent to hit the user with a Special attack and cannot hit the user's teammate.
Mirror Move,Flying,Status,0,0,32,0,The user performs the last move executed by its target; if applicable an attack's damage is calculated with the user's stats level and type(s). This moves fails if the target has not yet used a move. Mirror Move cannot copy Encore Struggle global moves affecting all Pokemon on the field (such as Gravity Hail Rain Dance Sandstorm and Sunny Day) moves that can bypass Protect (Acupressure Doom Desire Future Sight Imprison Perish Song Psych Up Role Play and Transform) and moves that do not have a specific target (such as Light Screen Reflect Safeguard Spikes Stealth Rock and Toxic Spikes).
Mist,Ice,Status,0,0,48,0,Protects every Pokemon on the user's team from negative stat modifiers caused by other Pokemon (including teammates) but not by itself for five turns. The team's Accuracy and Evasion stats are also protected. Moves that cause negative stat modifiers as a secondary effect such as Psychic still deal their regular damage.
Moonlight,Normal,Status,0,0,8,0,Restores a fraction of the user's max HP depending on the weather: 2/3 during Sunny Day 1/2 during regular weather and 1/4 during Rain Dance Hail and Sandstorm.
Morning Sun,Normal,Status,0,0,8,0,Restores a fraction of the user's max HP depending on the weather: 2/3 during Sunny Day 1/2 during regular weather and 1/4 during Rain Dance Hail and Sandstorm.
Mud-Slap,Ground,Physical,20,100,16,0,Has a 30% chance to lower the target's Accuracy by 1 stage.
Night Shade,Ghost,Physical,50,100,24,0,Does damage equal to user's level.
Nightmare,Ghost,Status,0,100,24,0,This move only works on a sleeping target; as long as the target remains asleep and in battle 1/4 of its max HP is sapped after each turn.
Octazooka,Water,Special,65,85,16,0,Has a 50% chance to lower the target's Accuracy by 1 stage.
Outrage,Dragon,Special,120,100,24,0,The user attacks uncontrollably for 2-3 turns and then gets confused.
Pain Split,Normal,Status,0,100,32,0,Calculates the average of the user's current HP and the target's HP; the HP of both Pokemon is set to this average. Pokemon can be healed by Pain Split even under the effects of Heal Block.
Pay Day,Normal,Physical,40,100,32,0,The player picks up extra money after in-game battles; the money received is equal to: [user's level * 5 * number of times Pay Day is used]. The player does not lose money if the opponent uses Pay Day but the player wins the battle.
Peck,Flying,Physical,35,100,56,0,Deals damage with no additional effect.
Perish Song,Normal,Status,0,0,8,0,All active Pokemon will faint in 3 turns unless they are switched out.
Petal Dance,Grass,Special,120,100,16,0,The user attacks uncontrollably for 2-3 turns and then gets confused.
Pin Missile,Bug,Physical,14,85,32,0,Attacks 2-5 times in one turn; if one of these attacks breaks a target's Substitute the target will take damage for the rest of the hits. This move has a 3/8 chance to hit twice a 3/8 chance to hit three times a 1/8 chance to hit four times and a 1/8 chance to hit five times. If the user of this move has Skill Link this move will always strike five times.
Poison Gas,Poison,Status,0,90,64,0,Poisons the target.
Poison Powder,Poison,Status,0,75,56,0,Poisons the target.
Poison Sting,Poison,Physical,15,100,56,0,Has a 30% chance to poison the target.
Pound,Normal,Physical,40,100,56,0,Deals damage with no additional effect.
Powder Snow,Ice,Special,40,100,40,0,Has a 10% chance to freeze the target.
Present,Normal,Physical,50,90,24,0,Randomly either attacks with a variable power between 40 base power and 120 base power or heals the target by 80 HP.
Protect,Normal,Status,0,0,16,0,"Protects the user from all effects of moves that target it during the turn it is used, including damage. This does not include damage inflicted by weather it is susceptible to, or damage from a status condition that it obtained on a previous turn (as these are not moves that targeted the user this turn). If the user goes last this turn, the move will fail. Protect will fail if the user is behind a substitute. Each time any of Protect, Detect, or Endure is successfully used without other moves used in between, the success rate will halve. In this generation, the success rate is implemented as a single byte over 255 which starts at the maximum of 255 and is floor-divided by 2 each time. This causes the success rate to drop to 0 on its ninth consecutive successful use."
Psybeam,Psychic,Special,65,100,32,0,Has a 10% chance to confuse the target.
Psych Up,Normal,Status,0,0,16,0,The user copies all six of the target's current stat modifiers.
Psychic,Psychic,Special,90,100,16,0,Has a 10% chance to lower the target's Special Defense by 1 stage.
Psywave,Psychic,Special,50,80,24,0,Randomly inflicts set damage equal to .5x .6x .7x .8x .9x 1.0x 1.1x 1.2x 1.3x 1.4x or 1.5x the user's level.
Pursuit,Dark,Special,80,100,32,0,If the target switches out on the current turn this move strikes with doubled power before the switch. Baton Passers still escape safely. When a faster Pokemon uses Pursuit against a U-Turner the U-Turner is hit for normal damage; when a slower Pokemon uses Pursuit against a U-Turner the U-Turner makes its attack then is hit by Pursuit for double power and switches out.
Quick Attack,Normal,Physical,40,100,48,1,Usually goes first.
Rage,Normal,Physical,20,100,32,0,The user's Attack rises by 1 stage if attacked before its next move.
Rain Dance,Water,Status,0,0,8,0,Cancels all other weather moves. For 5 turns: the power of Water attacks is increased by 50% the power of Fire attacks is decreased by 50% Thunder never misses and has a 30% chance to hit through Protect and Detect the power of Solarbeam is halved and the healing power of Morning Sun Synthesis and Moonlight is decreased from 1/2 to 1/4 of the user's max HP. The effects of Rain Dance will last for eight turns if its user is holding Damp Rock.
Rapid Spin,Normal,Physical,20,100,64,0,Removes Spikes Stealth Rock Toxic Spikes and Leech Seed from the user's side of the field; also frees the user from Bind Clamp Fire Spin Magma Storm Sand Tomb Whirlpool and Wrap. These effects do not occur if the move misses or is used against Ghost-type Pokemon.
Razor Leaf,Grass,Special,55,95,40,0,Has a high critical hit ratio.
Razor Wind,Normal,Physical,80,100,16,0,The user prepares on turn one becoming uncontrollable and then attacks on turn two. Has a high critical hit ratio.
Recover,Normal,Status,0,0,16,0,Restores 1/2 of the user's max HP.
Reflect,Psychic,Status,0,0,32,0,All Pokemon in the user's party receive 1/2 damage from Physical attacks for 5 turns. Reflect will be removed from the user's field if an opponent's Pokemon uses Brick Break. It will also last for eight turns if its user is holding Light Clay. In double battles both Pokemon are shielded but damage protection is reduced from 1/2 to 1/3.
Rest,Psychic,Status,0,0,16,0,The user is cured of status effects (and confusion) and recovers full HP but falls asleep for 2 turns. Pokemon who have Early Bird will wake up one turn early.
Return,Normal,Physical,50,100,32,0,Power increases as user's happiness increases; maximum 102 BP.
Reversal,Fighting,Physical,50,100,24,0,Base power increases as the user's HP decreases.
Roar,Normal,Status,0,100,32,-1,Almost always goes last; in trainer battles the target is switched out for a random member of its team. Escapes from wild battles. Has no effect if the target has Suction Cups Soundproof or used Ingrain.
Rock Slide,Rock,Physical,75,90,16,0,Has a 30% chance to make the target flinch.
Rock Smash,Fighting,Physical,40,100,24,0,Has a 50% chance to lower the target's Defense by 1 stage.
Rock Throw,Rock,Physical,50,90,24,0,Deals damage with no additional effect.
Rolling Kick,Fighting,Physical,60,85,24,0,Has a 30% chance to make the target flinch.
Rollout,Rock,Physical,30,90,32,0,The user attacks uncontrollably for five turns; this move's power doubles after each turn and also if Defense Curl was used beforehand. Its power resets after five turns have ended or if the attack misses.
Sacred Fire,Fire,Special,100,95,8,0,Has a 50% chance to burn the target; can be used while frozen which both attacks the target normally and thaws the user.
Safeguard,Normal,Status,0,0,40,0,Protects the user's entire team from status conditions for five turns.
Sand-Attack,Ground,Status,0,100,24,0,Lowers the target's Accuracy by 1 stage.
Sandstorm,Rock,Status,0,0,16,0,Cancels all other weather moves. For 5 turns: the Special Defense of Rock-type Pokemon is boosted by 50% each active Pokemon even when protected by a Substitute loses 1/16 of its max HP unless it has Sand Veil or is a Ground- Rock- or Steel-type the power of Solarbeam is halved and the healing power of Morning Sun Synthesis and Moonlight is halved. The effects of Sandstorm will last for eight turns if its user is holding Smooth Rock.
Scary Face,Normal,Status,0,90,16,0,Lowers the target's Speed by 2 stages.
Scratch,Normal,Physical,40,100,56,0,Deals damage with no additional effect.
Screech,Normal,Status,0,85,64,0,Lowers the target's Defense by 2 stages.
Seismic Toss,Fighting,Physical,50,100,32,0,Does damage equal to user's level.
Selfdestruct,Normal,Physical,200,100,8,0,Causes the user to faint.
Shadow Ball,Ghost,Physical,80,100,24,0,Has a 20% chance to lower the target's Special Defense by 1 stage.
Sharpen,Normal,Status,0,0,48,0,Raises the user's Attack by 1 stage.
Sing,Normal,Status,0,55,24,0,Puts the target to sleep.
Sketch,Normal,Status,0,0,1,0,The user permanently replaces Sketch with the last move used by the target. Sketch cannot copy itself Chatter Memento or Struggle. Transform and moves that generate other moves can be Sketched successfully as can Explosion and Selfdestruct if a Pokemon with Damp is present. Healing Wish and Lunar Dance can be Sketched because they automatically fail when the user is the last Pokemon of its team. This move fails automatically when selected in wireless or Wi-Fi battles.
Skull Bash,Normal,Physical,100,100,24,0,The user prepares on turn one raising its Defense by 1 stage and becoming uncontrollable and then attacks on turn two.
Sky Attack,Flying,Physical,140,90,8,0,The user prepares on turn one becoming uncontrollable and then attacks on turn two. Also has a 30% chance to make the target flinch.
Slam,Normal,Physical,80,75,32,0,Deals damage with no additional effect.
Slash,Normal,Physical,70,100,32,0,Has a high critical hit ratio.
Sleep Powder,Grass,Status,0,75,24,0,Puts the target to sleep.
Sleep Talk,Normal,Status,0,0,16,0,Does nothing if the user is awake. If the user asleep it randomly performs one of its attacks. Rest will fail if it is selected. Sleep Talk's generated attacks do not cost PP but it cannot generate moves with 0 PP itself Assist Bide Chatter Copycat Disabled attacks Focus Punch Me First Metronome Mirror Move Uproar or attacks with a charge-up turn like Fly or Skull Bash. (Moves with a recharge turn like Hyper Beam can be generated.)
Sludge,Poison,Physical,65,100,32,0,Has a 30% chance to poison the target.
Sludge Bomb,Poison,Physical,90,100,16,0,Has a 30% chance to poison the target.
Smog,Poison,Physical,20,70,32,0,Has a 40% chance to poison the target.
Smoke Screen,Normal,Status,0,100,32,0,Lowers the target's Accuracy by 1 stage.
Snore,Normal,Physical,40,100,24,0,Has a 30% chance to make the target flinch; fails if user is awake.
Softboiled,Normal,Status,0,100,16,0,Restores 1/2 of the user's max HP.
Solar Beam,Grass,Special,120,100,16,0,The user prepares on turn one becoming uncontrollable and then attacks on turn two. During Sunny Day this move fires immediately; during Rain Dance Sandstorm and Hail this move has half power.
Sonic Boom,Normal,Physical,20,90,32,0,Always deals 20 points of damage.
Spark,Electric,Special,65,100,32,0,Has a 30% chance to paralyze the target.
Spider Web,Bug,Status,0,100,16,0,As long as the user remains in battle the target cannot switch out unless it is holding Shed Shell or uses Baton Pass or U-Turn. The target will still be trapped if the user switches out by using Baton Pass.
Spike Cannon,Normal,Physical,20,100,24,0,Attacks 2-5 times in one turn; if one of these attacks breaks a target's Substitute the target will take damage for the rest of the hits. This move has a 3/8 chance to hit twice a 3/8 chance to hit three times a 1/8 chance to hit four times and a 1/8 chance to hit five times. If the user of this move has Skill Link this move will always strike five times.
Spikes,Ground,Status,0,0,32,0,Damages opponents unless they are Flying-type or have Levitate every time they are switched in; hits through Wonder Guard. Can be used up to three times: saps 1/8 of max HP with one layer 3/16 of max HP with two layers and 1/4 of max HP for three layers.
Spite,Ghost,Status,0,100,16,0,The target's most recent move is reduced by 4 PP; this fails if the target has not yet performed a move if the target's last move has run out of PP or if the target can only use Struggle.
Splash,Normal,Status,0,0,64,0,Doesn't do anything (but we still love it). Unfortunately it also cannot be used during the effects of Gravity! :(
Spore,Grass,Status,0,100,24,0,Puts the target to sleep.
Steel Wing,Steel,Physical,70,90,40,0,Has a 10% chance to raise the user's Defense by 1 stage.
Stomp,Normal,Physical,65,100,32,0,Has a 30% chance to make the target flinch; also retains its normal accuracy and gains doubled power against Minimized Pokemon.
Strength,Normal,Physical,80,100,24,0,Deals damage with no additional effect.
String Shot,Bug,Status,0,95,64,0,Lowers the target's Speed by 1 stage.
Struggle,Normal,Physical,50,100,1,0,Used automatically when all of the user's other moves have run out of PP or are otherwise inaccessible. The user receives recoil damage equal to 1/4 of its max HP. Struggle is classified as a typeless move and will hit any Pokemon for normal damage.
Stun Spore,Grass,Status,0,75,48,0,Paralyzes the target.
Submission,Fighting,Physical,80,80,40,0,The user receives 1/4 recoil damage.
Substitute,Normal,Status,0,0,16,0,The user takes one-fourth of its maximum HP to create a substitute; this move fails if the user does not have enough HP for this. Until the substitute is broken it receives damage from all attacks made by other Pokemon and shields the user from status effects and stat modifiers caused by other Pokemon. The user is still affected by Tickle Hail Sandstorm and Attract from behind its Substitute. If a Substitute breaks from a hit during a multistrike move such as Fury Attack the user takes damage from the remaining strikes.
Sunny Day,Fire,Status,0,0,8,0,Cancels all other weather moves. For 5 turns: freezing is prevented the power of Fire attacks is increased by 50% the power of Water attacks is decreased by 50% Solarbeam fires immediately Thunder becomes 50% accurate and the healing power of Morning Sun Synthesis and Moonlight is increased from 1/2 to 2/3 of the user's max HP. The effects of Sunny Day will last for eight turns if its user is holding Heat Rock.
Super Fang,Normal,Physical,50,90,16,0,This move halves the target's current HP.
Supersonic,Normal,Status,0,55,32,0,Confuses the target.
Surf,Water,Special,95,100,24,0,Power doubles against a target who is in the middle of using Dive.
Swagger,Normal,Status,0,90,24,0,Confuses the target and raises its Attack by 2 stages.
Sweet Kiss,Normal,Status,0,75,16,0,Confuses the target.
Sweet Scent,Normal,Status,0,100,32,0,Lowers the target's Evasion by 1 stage.
Swift,Normal,Physical,60,101,32,0,Ignores Evasion and Accuracy modifiers and never misses except against Protect Detect or a target in the middle of Dig Fly Dive or Bounce.
Swords Dance,Normal,Status,0,0,48,0,Raises the user's Attack by 2 stages.
Synthesis,Grass,Status,0,0,8,0,Restores a fraction of the user's max HP depending on the weather: 2/3 during Sunny Day 1/2 during regular weather and 1/4 during Rain Dance Hail and Sandstorm.
Tackle,Normal,Physical,50,100,56,0,Deals damage with no additional effect.
Tail Whip,Normal,Status,0,100,48,0,Lowers the target's Defense by 1 stage.
Take Down,Normal,Physical,90,85,32,0,The user receives 1/4 recoil damage.
Teleport,Psychic,Status,0,0,32,0,Escapes from wild battles; fails automatically in trainer and link battles.
Thief,Dark,Special,40,100,16,0,Steals the target's held item unless the user is already holding an item or the target has Sticky Hold or Multitype. A stolen item cannot be recovered by using Recycle.
Thrash,Normal,Physical,120,100,16,0,The user attacks uncontrollably for 2-3 turns and then gets confused.
Thunder,Electric,Special,120,70,16,0,Has a 30% chance to paralyze the target. It also has normal accuracy against mid-air Pokemon who have used Fly or Bounce. During Sunny Day this move has 50% accuracy. During Rain Dance this move will never miss under normal circumstances and has a 30% chance to hit through a target's Protect or Detect.
Thunder Punch,Electric,Special,75,100,24,0,Has a 10% chance to paralyze the target.
Thunder Shock,Electric,Special,40,100,48,0,Has a 10% chance to paralyze the target.
Thunder Wave,Electric,Status,0,100,32,0,Paralyzes the target. This move activates Motor Drive.
Thunderbolt,Electric,Special,95,100,24,0,Has a 10% chance to paralyze the target.
Toxic,Poison,Status,0,90,16,0,The target is badly poisoned with the damage caused by poison doubling after each turn. Toxic poisoning will remain with the Pokemon during the battle even after switching out.
Transform,Normal,Status,0,0,16,0,The user morphs into a near-exact copy of the target. Stats stat modifiers type moves Hidden Power data and appearance are changed; the user's level and HP remain the same and each copied move receives only 5 PP. (If Transform is used by Ditto the effects of Metal Powder and Quick Powder stop working after transformation.)
Tri Attack,Normal,Physical,80,100,16,0,Has a 20% chance to burn paralyze or freeze the target.
Triple Kick,Fighting,Physical,10,90,16,0,Attacks three times in one turn adding 10 BP for each kick. If a kick misses the move ends instantly; if one of the kicks breaks a target's Substitute the real Pokemon will take damage for the remaining kicks.
Twineedle,Bug,Physical,25,100,32,0,Strikes twice; if the first hit breaks the target's Substitute the real Pokemon will take damage from the second hit. Has a 20% chance to poison the target .
Twister,Dragon,Special,40,100,32,0,Has a 20% chance to make the target flinch; power doubles while the target is in mid-air via Fly or Bounce.
Vice Grip,Normal,Physical,55,100,48,0,Deals damage with no additional effect.
Vine Whip,Grass,Special,35,100,24,0,Deals damage with no additional effect.
Vital Throw,Fighting,Physical,70,100,16,-1,This move usually goes last. It ignores Evasion and Accuracy modifiers and never misses except against Protect Detect or a target in the middle of Dig Fly Dive or Bounce.
Water Gun,Water,Special,40,100,40,0,Deals damage with no additional effect.
Waterfall,Water,Special,80,100,24,0,Has a 20% chance to make the target flinch.
Whirlpool,Water,Special,35,85,24,0,Traps the target for 5-6 turns causing damage equal to 1/16 of its max HP each turn; this trapped effect can be broken by Rapid Spin. The target can still switch out if it is holding Shed Shell or uses Baton Pass or U-Turn. Base power also doubles when performed against a Pokemon in the middle of using Dive.
Whirlwind,Normal,Status,0,100,32,-1,Almost always goes last; in trainer battles the target is switched out for a random member of its team. Escapes from wild battles. Has no effect if the target has Suction Cups or used Ingrain.
Wing Attack,Flying,Physical,60,100,56,0,Deals damage with no additional effect.
Withdraw,Water,Status,0,0,64,0,Raises the user's Defense by 1 stage.
Wrap,Normal,Physical,15,90,32,0,Traps the target for 5-6 turns causing damage equal to 1/16 of its max HP each turn; this trapped effect can be broken by Rapid Spin. The target can still switch out if it is holding Shed Shell or uses Baton Pass or U-Turn.
Zap Cannon,Electric,Special,120,50,8,0,Paralyzes the target.